feature_id,name,feature_class,feature_type,has_water_measurement,observed_at,observed_date,longitude,latitude,wkt,address,municipality,in_yokoze_town,access_status,elevation_field_m,water_temp_field_c,conductivity_field_ms_m,ph_field,rph_field,ph_difference,remarks,cfg_matched,cfg_match_method,cfg_match_distance_m,cfg_observed_at,cfg_latitude,cfg_longitude,cfg_elevation_m,elevation_difference_m,nitrate_mg_l,nitrate_mv,water_temp_cfg_c,conductivity_cfg_ms_m,ph_cfg,ph_cfg_retest,orp_mv,weather,previous_weather,cfg_field_id,cfg_event_id,cfg_device_id,cfg_location_label,cfg_note,qc_flags,source_fieldwork_row,source_cfg_row,source_files
YKW-20260921-001,雨水採水・測定,water_quality_sample,rainwater,True,2026-09-21T14:02:13,2026-09-21T00:00:00,139.102461,35.986541,POINT (139.102461 35.986541),埼玉県横瀬町横瀬1926,横瀬町,True,unknown,225.72,22.3,1.193,6.3,6.3,0,Area898周辺に降り注いだ雨水,False,,,,,,,,,,,,,,,,,,,,,,duplicate_coordinates_distinct_samples,2,,2026.09.21-22_荒川流域圏構想フィールドワーク.xlsx
YKW-20260921-002,知知夫瀧坂水神社 御神水測定,water_quality_sample,spring_water,True,2026-09-21T14:02:13,2026-09-21T00:00:00,139.102461,35.986541,POINT (139.102461 35.986541),埼玉県横瀬町横瀬1926,横瀬町,True,unknown,225.72,16,19.7,6.7,7.1,0.4,鈴賀さん採水の水,False,,,,,,,,,,,,,,,,,,,,,,duplicate_coordinates_distinct_samples,3,,2026.09.21-22_荒川流域圏構想フィールドワーク.xlsx
YKW-20260921-003,礫岩露頭,other_observation,geology,False,2026-09-21T14:49:35,2026-09-21T00:00:00,139.105341,35.988683,POINT (139.105341 35.988683),埼玉県横瀬町横瀬1902-8,横瀬町,True,unknown,230.65,,,,,,,False,,,,,,,,,,,,,,,,,,,,,,no_water_measurement,4,,2026.09.21-22_荒川流域圏構想フィールドワーク.xlsx
YKW-20260921-004,森側 モミの木,other_observation,vegetation,False,2026-09-21T14:53:55,2026-09-21T00:00:00,139.105161,35.988763,POINT (139.105161 35.988763),埼玉県横瀬町横瀬1902-8,横瀬町,True,unknown,223.25,,,,,,,False,,,,,,,,,,,,,,,,,,,,,,no_water_measurement,5,,2026.09.21-22_荒川流域圏構想フィールドワーク.xlsx
YKW-20260921-005,森側 斜面端部の湧水,water_quality_sample,spring_water,True,2026-09-21T15:13:18,2026-09-21T00:00:00,139.105233,35.988827,POINT (139.105233 35.988827),埼玉県横瀬町横瀬1865-6,横瀬町,True,unknown,223.03,19.4,21.8,6.9,7.2,0.3,サーモグラフィーカメラで見つけた水たまり,False,,,,,,,,,,,,,,,,,,,,,,,6,,2026.09.21-22_荒川流域圏構想フィールドワーク.xlsx
YKW-20260922-006,道の駅 ちちぶの水,water_quality_sample,tap_water,True,2026-09-22T10:05:29,2026-09-22T00:00:00,139.089245,35.997766,POINT (139.089245 35.997766),埼玉県秩父市大宮4625,秩父市,False,unknown,230.09,18.2,12.02,7.3,7.4,0.1,橋立浄水場から引いた水道水,True,name_time_spatial_reviewed,63.8,2026-09-22T10:04:26,35.997339,139.088772,274.4,44.3,4.762,103,24,12.9,7.77,,258,晴れ,雨,Yokoze,20260922,115,ちちぶの水,,outside_yokoze_town; cfg_match_distance_gt_50m; elevation_difference_gt_20m,7,2,2026.09.21-22_荒川流域圏構想フィールドワーク.xlsx; Code for Ground データソン.xlsx
YKW-20260922-007,秩父神社 乾の井戸,water_quality_sample,well,True,2026-09-22T10:32:01,2026-09-22T00:00:00,139.083875,35.997807,POINT (139.083875 35.997807),埼玉県秩父市番場町1-23,秩父市,False,unknown,226.59,22.3,17.48,6.2,7.2,1,境内裏手の柞（ははそのもり）の森にある、決して枯れないとされる浅井戸。手押しポンプ稼働時間が少ないため、水温は参考値。,True,name_time_spatial_reviewed,90.9,2026-09-22T10:31:47,35.998611,139.084059,268.5,41.9,4.85,103,25.3,18.9,7.11,,270,晴れ,雨,Yokoze,20260922,115,秩父神社 乾の井戸,,outside_yokoze_town; cfg_match_distance_gt_50m; elevation_difference_gt_20m,8,3,2026.09.21-22_荒川流域圏構想フィールドワーク.xlsx; Code for Ground データソン.xlsx
YKW-20260922-008,妙見七つ井戸 七の井戸（今重の井戸）,water_quality_sample,well,True,2026-09-22T10:48:14,2026-09-22T00:00:00,139.088746,36.001536,POINT (139.088746 36.001536),埼玉県秩父市上宮地町17-23,秩父市,False,unknown,223.23,20.6,29.4,6.9,7.3,0.4,"妙見菩薩が秩父神社に合祀された際、宮地の妙見宮から秩父神社まで渡っていったとされる七つ井戸（北斗七星になぞらえた）。
かつては豊富な湧水があり主に「染め糸のすすぎ」などの作業に使われていた。",True,name_time_spatial,44.7,2026-09-22T10:56:01,36.001928,139.088857,268.2,45,29.778,79,26.4,31.3,7.2,,283,晴れ,雨,Yokoze,20260922,115,妙見七の井戸,,outside_yokoze_town; elevation_difference_gt_20m,9,4,2026.09.21-22_荒川流域圏構想フィールドワーク.xlsx; Code for Ground データソン.xlsx
YKW-20260922-009,妙見七つ井戸 六の井戸（みざわの井戸）,water_feature,spring_pond,False,2026-09-22T11:02:50,2026-09-22T00:00:00,139.088855,36.003302,POINT (139.088855 36.003302),埼玉県秩父市上宮地町15-10,秩父市,False,private,222.17,,,,,,個人宅（農家）の敷地内（私有地）にあり、クレソンが自生する湧水池。水量は豊富でトンボの産卵場になっている。,False,,,,,,,,,,,,,,,,,,,,,,outside_yokoze_town; no_water_measurement,10,,2026.09.21-22_荒川流域圏構想フィールドワーク.xlsx
YKW-20260922-010,湧水池,water_feature,spring_pond,False,2026-09-22T11:09:55,2026-09-22T00:00:00,139.089435,36.004209,POINT (139.089435 36.004209),埼玉県秩父市中宮地町3,秩父市,False,no_entry,221.79,,,,,,段丘の低崖付近にあり、住宅地の一角にある祠が祀られた湧水池。フェンスで囲まれており立入りできない。,False,,,,,,,,,,,,,,,,,,,,,,outside_yokoze_town; no_water_measurement,11,,2026.09.21-22_荒川流域圏構想フィールドワーク.xlsx
YKW-20260922-011,湧水の水路,water_quality_sample,spring_channel,True,2026-09-22T11:14:51,2026-09-22T00:00:00,139.089224,36.004091,POINT (139.089224 36.004091),埼玉県秩父市上宮地町14-7,秩父市,False,unknown,221.3,21.4,30.2,6.9,7.4,0.5,段丘の低崖付近から湧出する地下水を集水。ザリガニやカワエビ、カワニナなど水生生物が多く観察される。,True,name_time_spatial,2.9,2026-09-22T11:13:10,36.004066,139.089214,266.5,45.2,29.778,79,27.8,32.8,7.53,,266,晴れ,雨,Yokoze,20260922,115,サワガニの水路,,outside_yokoze_town; elevation_difference_gt_20m,12,5,2026.09.21-22_荒川流域圏構想フィールドワーク.xlsx; Code for Ground データソン.xlsx
YKW-20260922-012,妙見七つ井戸 五の井戸（あらゐの井戸）,water_quality_sample,well,True,2026-09-22T11:24:59,2026-09-22T00:00:00,139.090301,36.005537,POINT (139.090301 36.005537),埼玉県秩父市中宮地町9-2,秩父市,False,unknown,221.29,20.7,29.5,6.8,7.4,0.6,現在でも湧出量が豊富で、野菜の洗い場などとして利用される。マス内には鯉が遊泳している。,True,name_time_spatial,11.2,2026-09-22T11:23:43,36.005459,139.090223,265.6,44.3,25.598,81,27.8,31.8,7.34,,272,晴れ,雨,Yokoze,20260922,115,五の井戸,,outside_yokoze_town; elevation_difference_gt_20m,13,6,2026.09.21-22_荒川流域圏構想フィールドワーク.xlsx; Code for Ground データソン.xlsx
YKW-20260922-013,湧水,water_feature,spring_channel,False,2026-09-22T11:28:18,2026-09-22T00:00:00,139.090465,36.005796,POINT (139.090465 36.005796),埼玉県秩父市中宮地町9-4,秩父市,False,unknown,221.25,,,,,,住宅地の一角から湧出する水路。,False,,,,,,,,,,,,,,,,,,,,,,outside_yokoze_town; no_water_measurement,14,,2026.09.21-22_荒川流域圏構想フィールドワーク.xlsx
YKW-20260922-014,亀の祠,other_observation,cultural_feature,False,2026-09-22T11:29:24,2026-09-22T00:00:00,139.09061,36.006153,POINT (139.09061 36.006153),埼玉県秩父市中宮地町9-7,秩父市,False,unknown,221.85,,,,,,段丘の低崖付近にあり、中宮地町の住宅軒先に祀られた亀の祠,False,,,,,,,,,,,,,,,,,,,,,,outside_yokoze_town; no_water_measurement,15,,2026.09.21-22_荒川流域圏構想フィールドワーク.xlsx
YKW-20260922-015,妙見七つ井戸 四の井戸（下堀の井戸）,water_quality_sample,well,True,2026-09-22T11:32:24,2026-09-22T00:00:00,139.090911,36.00657,POINT (139.090911 36.00657),埼玉県秩父市中宮地町20-2,秩父市,False,unknown,220.18,20.6,30.8,6.7,7.3,0.6,段丘の低崖端部に位置。かつてはけやきの根元から湧出し、七ツ井戸で最も湧出量が豊富であったが、現在は当時の1/3程度。枯渇経験あり。,True,name_time_spatial,4.9,2026-09-22T11:32:24,36.006613,139.090901,266.6,46.4,79.579,66,29.7,32.9,7.38,,284,晴れ,雨,Yokoze,20260922,115,四の井戸,,outside_yokoze_town; elevation_difference_gt_20m,16,7,2026.09.21-22_荒川流域圏構想フィールドワーク.xlsx; Code for Ground データソン.xlsx
YKW-20260922-016,妙見七つ井戸 三の井戸（子育ての井戸）,water_quality_sample,well,True,2026-09-22T13:44:03,2026-09-22T00:00:00,139.091416,36.007535,POINT (139.091416 36.007535),埼玉県秩父市中宮地町25-34,秩父市,False,unknown,219.93,21.3,28.8,6.8,7.3,0.5,段丘の低崖付近にあり、この水でご飯を炊くと乳の出が良くなるとの言い伝えがある。湧出量は減少しているそう。,True,name_time_spatial,1.1,2026-09-22T13:43:33,36.007545,139.091417,263.2,43.3,25.598,81,27,30.6,7.43,,261,晴れ,雨,Yokoze,20260922,115,三の井戸,,outside_yokoze_town; elevation_difference_gt_20m,17,8,2026.09.21-22_荒川流域圏構想フィールドワーク.xlsx; Code for Ground データソン.xlsx
YKW-20260922-017,妙見七つ井戸 二の井戸（井之上の井戸）,water_quality_sample,well,True,2026-09-22T14:01:10,2026-09-22T00:00:00,139.09259,36.009,POINT (139.09259 36.009),埼玉県秩父市中宮地町34-8,秩父市,False,unknown,219.53,20.6,9.21,5.9,7.1,1.2,段丘の低崖端部に位置。かつては水田や畑での農作業に利用。元々は石垣下端から湧出してたが、現在の姿は当時の形を復元したもの。,True,name_time_spatial,29.3,2026-09-22T13:59:26,36.008978,139.092265,264.3,44.8,2.111,114,27.8,9.5,6.86,,266,晴れ,雨,Yokoze,20260922,115,二の井戸,,outside_yokoze_town; elevation_difference_gt_20m,18,9,2026.09.21-22_荒川流域圏構想フィールドワーク.xlsx; Code for Ground データソン.xlsx
YKW-20260922-018,井戸,water_feature,well,False,2026-09-22T14:28:38,2026-09-22T00:00:00,139.080127,35.99448,POINT (139.080127 35.99448),埼玉県秩父市中町16-3,秩父市,False,unknown,225.67,,,,,,,False,,,,,,,,,,,,,,,,,,,,,,outside_yokoze_town; no_water_measurement,19,,2026.09.21-22_荒川流域圏構想フィールドワーク.xlsx
YKW-20260922-019,秩父今宮神社 清龍の滝,water_quality_sample,spring_water,True,2026-09-22T14:31:08,2026-09-22T00:00:00,139.080357,35.994571,POINT (139.080357 35.994571),埼玉県秩父市中町16-2,秩父市,False,unknown,226.98,20.5,26.5,6.8,7.5,0.7,段丘の低崖付近にあり、武甲山の伏流水が湧き出る名水で、環境省の「平成の名水百選」に選定された。,True,name_time_manual_override,31.4,2026-09-22T14:34:28,35.994662,139.080027,268.9,41.9,58.809,70,28,27.5,7.2,7.05,251,晴れ,雨,Yokoze,20260922,115,今宮神社,ph再測定7.05,outside_yokoze_town; elevation_difference_gt_20m; cfg_nearest_point_override_reviewed,20,10,2026.09.21-22_荒川流域圏構想フィールドワーク.xlsx; Code for Ground データソン.xlsx
YKW-20260922-020,知知夫瀧坂水神社 御神水,water_quality_sample,spring_water,True,2026-09-22T15:11:01,2026-09-22T00:00:00,139.071677,35.987823,POINT (139.071677 35.987823),埼玉県秩父市井戸尻橋,秩父市,False,unknown,211.78,16.1,21.4,6.3,7.3,1,押堀川に架かる井戸尻橋の水道水源施設から200m程上流の左岸斜面から豊富に湧出する。武甲山の伏流水と伝えられており、水場には、 小さな祠がある。,True,time_spatial_alias_reviewed,27.9,2026-09-22T15:12:39,35.987659,139.071443,255.7,43.9,63.428,69,27,23.1,7.23,7.03,240,晴れ,雨,Yokoze,20260922,115,金仙寺湧水,再測定7.03,outside_yokoze_town; elevation_difference_gt_20m; cfg_name_alias_reviewed,21,11,2026.09.21-22_荒川流域圏構想フィールドワーク.xlsx; Code for Ground データソン.xlsx
